[
    
    {
        "themoviedb_movie_id": 507086,
        "title": "Jurassic World Dominion",
        "image": "/9eAn20y26wtB3aet7w9lHjuSgZ3.jpg",
        "popularity": 6252.796,
        "release_date": "2022-06-01",
        "director": "Colin Trevorrow",
        "genres": [
            "Adventure",
            "Action",
            "Science Fiction"
        ]
    },
    {
        "themoviedb_movie_id": 718789,
        "title": "Lightyear",
        "image": "/7JytVNKaAQOFR2dFVpIIUsdwS15.jpg",
        "popularity": 5312.233,
        "release_date": "2022-06-15",
        "director": "Angus MacLane",
        "genres": [
            "Animation",
            "Science Fiction",
            "Adventure"
        ]
    },
    {
        "themoviedb_movie_id": 504827,
        "title": "The Bob's Burgers Movie",
        "image": "/rQccrEIXtZr7KZHwcy9a3QFHGdQ.jpg",
        "popularity": 378.229,
        "release_date": "2022-05-26",
        "director": "Loren Bouchard",
        "genres": [
            "Animation",
            "Adventure",
            "Comedy"
        ]
    },
    {
        "themoviedb_movie_id": 560057,
        "title": "The Sea Beast",
        "image": "/wUwizGzbTk5CTiKBnE4Pq1MONwD.jpg",
        "popularity": 730.327,
        "release_date": "2022-06-24",
        "director": "Chris Williams",
        "genres": [
            "Animation",
            "Adventure",
            "Family"
        ]
    },
    {
        "themoviedb_movie_id": 338953,
        "title": "Fantastic Beasts: The Secrets of Dumbledore",
        "image": "/zGLHX92Gk96O1DJvLil7ObJTbaL.jpg",
        "popularity": 1816.784,
        "release_date": "2022-04-06",
        "director": "David Yates",
        "genres": [
            "Fantasy",
            "Adventure",
            "Action"
        ]
    },
    {
        "themoviedb_movie_id": 820912,
        "title": "Persuasion",
        "image": "/oE0J0zaLjJZkecx2seNH90YeSmk.jpg",
        "popularity": 46.257,
        "release_date": "2022-07-01",
        "director": "Carrie Cracknell",
        "genres": [
            "Romance",
            "Drama",
            "Comedy"
        ]
    },
    {
        "themoviedb_movie_id": 759175,
        "title": "The Princess",
        "image": "/5PnypKiSj2efSPqThNjTXz8jwOg.jpg",
        "popularity": 2932.278,
        "release_date": "2022-06-16",
        "director": "Lê Văn Kiệt",
        "genres": [
            "Fantasy",
            "Action"
        ]
    },
    {
        "themoviedb_movie_id": 453395,
        "title": "Doctor Strange in the Multiverse of Madness",
        "image": "/wcKFYIiVDvRURrzglV9kGu7fpfY.jpg",
        "popularity": 4565.1,
        "release_date": "2022-05-04",
        "director": "Sam Raimi",
        "genres": [
            "Fantasy",
            "Action",
            "Adventure"
        ]
    },
    {
        "themoviedb_movie_id": 756999,
        "title": "The Black Phone",
        "image": "/tsC3DRGAQvkoA88lQQfbQ40byFS.jpg",
        "popularity": 2984.706,
        "release_date": "2022-02-04",
        "director": "Scott Derrickson",
        "genres": [
            "Horror",
            "Thriller"
        ]
    },
    {
        "themoviedb_movie_id": 616037,
        "title": "Thor: Love and Thunder",
        "image": "/p1F51Lvj3sMopG948F5HsBbl43C.jpg",
        "popularity": 3611.816,
        "release_date": "2022-07-06",
        "director": "Taika Waititi",
        "genres": [
            "Action",
            "Adventure",
            "Fantasy"
        ]
    },
    {
        "themoviedb_movie_id": 634649,
        "title": "Spider-Man: No Way Home",
        "image": "/ocUp7DJBIc8VJgLEw1prcyK1dYv.jpg",
        "popularity": 1765.439,
        "release_date": "2021-12-15",
        "director": "Jon Watts",
        "genres": [
            "Action",
            "Adventure",
            "Science Fiction"
        ]
    },
    {
        "themoviedb_movie_id": 545611,
        "title": "Everything Everywhere All at Once",
        "image": "/wp3vpSWAIjKSEeYb8F5NSZfONqw.jpg",
        "popularity": 306.976,
        "release_date": "2022-03-24",
        "director": "Daniel Scheinert",
        "genres": [
            "Action",
            "Adventure",
            "Science Fiction"
        ]
    },
    {
        "themoviedb_movie_id": 361743,
        "title": "Top Gun: Maverick",
        "image": "/odJ4hx6g6vBt4lBWKFD1tI8WS4x.jpg",
        "popularity": 5122.333,
        "release_date": "2022-05-24",
        "director": "Joseph Kosinski",
        "genres": [
            "Action",
            "Drama"
        ]
    },
    {
        "themoviedb_movie_id": 667739,
        "title": "The Man from Toronto",
        "image": "/iOFBH9KtjKMntbP2kheeOpMQTcC.jpg",
        "popularity": 1161.947,
        "release_date": "2022-06-24",
        "director": "Patrick Hughes",
        "genres": [
            "Action",
            "Comedy",
            "Thriller"
        ]
    },
    {
        "themoviedb_movie_id": 864370,
        "title": "咒",
        "image": "/6d1mHKcozT5AaZeI76ehJrBt0hr.jpg",
        "popularity": 432.141,
        "release_date": "2022-03-18",
        "director": "Kevin Ko",
        "genres": [
            "Horror"
        ]
    },
    {
        "themoviedb_movie_id": 887357,
        "title": "Green Lantern: Beware My Power",
        "image": "/v2PbcBAJINk02PYWppsGsuQRIuu.jpg",
        "popularity": 97.565,
        "release_date": "2022-07-26",
        "director": "Jeff Wamester",
        "genres": [
            "Animation",
            "Action",
            "Science Fiction"
        ]
    },
    {
        "themoviedb_movie_id": 752623,
        "title": "The Lost City",
        "image": "/1Ds7xy7ILo8u2WWxdnkJth1jQVT.jpg",
        "popularity": 1463.279,
        "release_date": "2022-03-24",
        "director": "Adam Nee",
        "genres": [
            "Action",
            "Adventure",
            "Comedy"
        ]
    },
    {
        "themoviedb_movie_id": 613093,
        "title": "Malnazidos",
        "image": "/h6XfgbzQEV4sitsIVY63pawLI0s.jpg",
        "popularity": 177.345,
        "release_date": "2022-03-11",
        "director": "Alberto de Toro",
        "genres": [
            "Comedy",
            "Horror",
            "War"
        ]
    },
    {
        "themoviedb_movie_id": 809107,
        "title": "Z-O-M-B-I-E-S 3",
        "image": "/wNQpfAZkySbinb93qVwWIWaot1x.jpg",
        "popularity": 343.715,
        "release_date": "2022-07-09",
        "director": "Paul Hoen",
        "genres": [
            "Music",
            "Fantasy",
            "Comedy"
        ]
    },
    {
        "themoviedb_movie_id": 615173,
        "title": "마녀 2",
        "image": "/wgdWNBqPIAH29ZsL3I0AVx7XRed.jpg",
        "popularity": 221.084,
        "release_date": "2022-06-15",
        "director": "Park Hoon-jung",
        "genres": [
            "Action",
            "Mystery",
            "Thriller"
        ]
    },
    {
        "themoviedb_movie_id": 675353,
        "title": "Sonic the Hedgehog 2",
        "image": "/egoyMDLqCxzjnSrWOz50uLlJWmD.jpg",
        "popularity": 1975.529,
        "release_date": "2022-03-30",
        "director": "Jeff Fowler",
        "genres": [
            "Action",
            "Adventure",
            "Family"
        ]
    },
    {
        "themoviedb_movie_id": 648579,
        "title": "The Unbearable Weight of Massive Talent",
        "image": "/hYGN54YTbkd4UJQi45vp2y0cofZ.jpg",
        "popularity": 871.469,
        "release_date": "2022-04-20",
        "director": "Tom Gormican",
        "genres": [
            "Action",
            "Comedy",
            "Crime"
        ]
    },
    {
        "themoviedb_movie_id": 614934,
        "title": "Elvis",
        "image": "/rLo9T9jEg67UZPq3midjLnTUYYi.jpg",
        "popularity": 362.289,
        "release_date": "2022-06-22",
        "director": "Baz Luhrmann",
        "genres": [
            "Drama",
            "History",
            "Music"
        ]
    },
    {
        "themoviedb_movie_id": 414906,
        "title": "The Batman",
        "image": "/IYUD7rAIXzBM91TT3Z5fILUS7n.jpg",
        "popularity": 973.92,
        "release_date": "2022-03-01",
        "director": "Matt Reeves",
        "genres": [
            "Crime",
            "Mystery",
            "Thriller"
        ]
    },
    {
        "themoviedb_movie_id": 526896,
        "title": "Morbius",
        "image": "/gG9fTyDL03fiKnOpf2tr01sncnt.jpg",
        "popularity": 1346.417,
        "release_date": "2022-03-30",
        "director": "Daniel Espinosa",
        "genres": [
            "Action",
            "Science Fiction",
            "Fantasy"
        ]
    },
    {
        "themoviedb_movie_id": 639933,
        "title": "The Northman",
        "image": "/fqw8nJLPRgKRyFSDC0xBsC06NGC.jpg",
        "popularity": 1176.065,
        "release_date": "2022-04-07",
        "director": "Robert Eggers",
        "genres": [
            "Action",
            "Adventure",
            "Fantasy"
        ]
    },
    {
        "themoviedb_movie_id": 888195,
        "title": "Hot Seat",
        "image": "/g3pG27i0v6eKWDKLf4GQsKZxmZX.jpg",
        "popularity": 1037.849,
        "release_date": "2022-07-01",
        "director": "James Cullen Bressack",
        "genres": [
            "Thriller",
            "Action"
        ]
    },
    {
        "themoviedb_movie_id": 761898,
        "title": "劇場版 ソードアート・オンライン プログレッシブ 星なき夜のアリア",
        "image": "/2kvl6lcgoyAaf8cSRkzxE611u6T.jpg",
        "popularity": 888.044,
        "release_date": "2021-10-30",
        "director": "Ayako Kono",
        "genres": [
            "Animation",
            "Action",
            "Fantasy"
        ]
    },
    {
        "themoviedb_movie_id": 820446,
        "title": "Downton Abbey: A New Era",
        "image": "/nBHKT3pm5DmidZd5VS4bD5Hc2S3.jpg",
        "popularity": 133.928,
        "release_date": "2022-04-27",
        "director": "Simon Curtis",
        "genres": [
            "Drama",
            "Romance"
        ]
    },
    {
        "themoviedb_movie_id": 819876,
        "title": "Crimes of the Future",
        "image": "/crzp8X5oRstwcEENdpvJsLUfqRS.jpg",
        "popularity": 68.333,
        "release_date": "2022-05-25",
        "director": "David Cronenberg",
        "genres": [
            "Drama",
            "Horror",
            "Science Fiction"
        ]
    },
    {
        "themoviedb_movie_id": 615469,
        "title": "Spiderhead",
        "image": "/ulkWS7Atv0vv33KVCSAmNizAmJd.jpg",
        "popularity": 947.079,
        "release_date": "2022-06-15",
        "director": "Joseph Kosinski",
        "genres": [
            "Science Fiction",
            "Thriller"
        ]
    },
    {
        "themoviedb_movie_id": 745376,
        "title": "Hello, Goodbye, and Everything in Between",
        "image": "/8vn4eis4xk6cnOnAuAcyzPbqVb0.jpg",
        "popularity": 422.845,
        "release_date": "2022-07-06",
        "director": "Michael Lewen",
        "genres": [
            "Romance",
            "Drama"
        ]
    },
    {
        "themoviedb_movie_id": 629542,
        "title": "The Bad Guys",
        "image": "/fEe5fe82qHzjO4yej0o79etqsWV.jpg",
        "popularity": 745.08,
        "release_date": "2022-03-17",
        "director": "Pierre Perifel",
        "genres": [
            "Animation",
            "Comedy",
            "Family"
        ]
    },
    {
        "themoviedb_movie_id": 335787,
        "title": "Uncharted",
        "image": "/aEGiJJP91HsKVTEPy1HhmN0wRLm.jpg",
        "popularity": 1015.889,
        "release_date": "2022-02-10",
        "director": "Ruben Fleischer",
        "genres": [
            "Action",
            "Adventure"
        ]
    },
    {
        "themoviedb_movie_id": 968739,
        "title": "Les liaisons dangereuses",
        "image": "/3XAPsH5yS6p54P5PkAtxJfnvlhU.jpg",
        "popularity": 87.332,
        "release_date": "2022-07-08",
        "director": "Rachel Suissa",
        "genres": [
            "Drama",
            "Romance"
        ]
    },
    {
        "themoviedb_movie_id": 299534,
        "title": "Avengers: Endgame",
        "image": "/7RyHsO4yDXtBv1zUU3mTpHeQ0d5.jpg",
        "popularity": 228.777,
        "release_date": "2019-04-24",
        "director": "Anthony Russo",
        "genres": [
            "Adventure",
            "Science Fiction",
            "Action"
        ]
    },
    {
        "themoviedb_movie_id": 818397,
        "title": "Memory",
        "image": "/vjnLXptqdxnpNJer5fWgj2OIGhL.jpg",
        "popularity": 1327.384,
        "release_date": "2022-04-28",
        "director": "Martin Campbell",
        "genres": [
            "Action",
            "Thriller",
            "Crime"
        ]
    },
    {
        "themoviedb_movie_id": 763285,
        "title": "Ambulance",
        "image": "/dW3fQJrshh2wYDoW4HUA7ZabsN1.jpg",
        "popularity": 375.432,
        "release_date": "2022-03-16",
        "director": "Michael Bay",
        "genres": [
            "Action",
            "Thriller",
            "Crime"
        ]
    },
    {
        "themoviedb_movie_id": 873127,
        "title": "Sotto il sole di Amalfi",
        "image": "/eHi7TyBJW9g6OdRzrrecrFJd3uo.jpg",
        "popularity": 95.791,
        "release_date": "2022-07-13",
        "director": "Martina Pastori",
        "genres": [
            "Romance",
            "Comedy",
            "Drama"
        ]
    },
    {
        "themoviedb_movie_id": 780609,
        "title": "Men",
        "image": "/4N2FuCTuqH3h4dw9XPFtsnDPSz7.jpg",
        "popularity": 39.63,
        "release_date": "2022-05-20",
        "director": "Alex Garland",
        "genres": [
            "Drama",
            "Horror",
            "Mystery"
        ]
    },
    {
        "themoviedb_movie_id": 759054,
        "title": "Rise",
        "image": "/uKL39lSf3rQbcMG8XbByoHBwGId.jpg",
        "popularity": 296.253,
        "release_date": "2022-06-23",
        "director": "Akin Omotoso",
        "genres": [
            "Drama"
        ]
    },
    {
        "themoviedb_movie_id": 671,
        "title": "Harry Potter and the Philosopher's Stone",
        "image": "/5jkE2SzR5uR2egEb1rRhF22JyWN.jpg",
        "popularity": 223.279,
        "release_date": "2001-11-16",
        "director": "Chris Columbus",
        "genres": [
            "Adventure",
            "Fantasy"
        ]
    },
    {
        "themoviedb_movie_id": 744,
        "title": "Top Gun",
        "image": "/jILeJ60zPpIjjJHGSmIeY4eO30t.jpg",
        "popularity": 352.016,
        "release_date": "1986-05-16",
        "director": "Tony Scott",
        "genres": [
            "Action",
            "Drama"
        ]
    },
    {
        "themoviedb_movie_id": 725201,
        "title": "The Gray Man",
        "image": "/lSFVguAk1kj3z06na7tK4cumh2o.jpg",
        "popularity": 112.721,
        "release_date": "2022-07-13",
        "director": "Anthony Russo",
        "genres": [
            "Action",
            "Thriller",
            "Adventure"
        ]
    },
    {
        "themoviedb_movie_id": 284052,
        "title": "Doctor Strange",
        "image": "/eQN31P4IEhyp6NkdccvppJnyuJ4.jpg",
        "popularity": 214.593,
        "release_date": "2016-10-25",
        "director": "Scott Derrickson",
        "genres": [
            "Action",
            "Adventure",
            "Fantasy"
        ]
    },
    {
        "themoviedb_movie_id": 524434,
        "title": "Eternals",
        "image": "/c6H7Z4u73ir3cIoCteuhJh7UCAR.jpg",
        "popularity": 429.768,
        "release_date": "2021-11-03",
        "director": "Chloé Zhao",
        "genres": [
            "Science Fiction",
            "Action",
            "Adventure"
        ]
    },
    {
        "themoviedb_movie_id": 299536,
        "title": "Avengers: Infinity War",
        "image": "/lmZFxXgJE3vgrciwuDib0N8CfQo.jpg",
        "popularity": 401.339,
        "release_date": "2018-04-25",
        "director": "Anthony Russo",
        "genres": [
            "Adventure",
            "Action",
            "Science Fiction"
        ]
    },
    {
        "themoviedb_movie_id": 284053,
        "title": "Thor: Ragnarok",
        "image": "/kaIfm5ryEOwYg8mLbq8HkPuM1Fo.jpg",
        "popularity": 515.447,
        "release_date": "2017-10-24",
        "director": "Taika Waititi",
        "genres": [
            "Action",
            "Adventure",
            "Fantasy"
        ]
    },
    {
        "themoviedb_movie_id": 828947,
        "title": "Beavis and Butt-Head Do the Universe",
        "image": "/q3sfAlvvEvJn3PSPAMJiOqGl9OC.jpg",
        "popularity": 43.375,
        "release_date": "2022-06-23",
        "director": "John Rice",
        "genres": [
            "Animation",
            "Comedy",
            "Science Fiction"
        ]
    },
    {
        "themoviedb_movie_id": 894169,
        "title": "Vendetta",
        "image": "/33qGtN2GpGEb94pn25PDPeWQZLk.jpg",
        "popularity": 504.951,
        "release_date": "2022-05-17",
        "director": "Jared Cohn",
        "genres": [
            "Action",
            "Crime",
            "Thriller"
        ]
    },
    {
        "themoviedb_movie_id": 793961,
        "title": "Rubikon",
        "image": "/pFP878NvW4MD6MQbRv0tqpdoBXY.jpg",
        "popularity": 40.093,
        "release_date": "2022-07-01",
        "director": "Magdalena Lauritsch",
        "genres": [
            "Science Fiction",
            "Thriller"
        ]
    },
    {
        "themoviedb_movie_id": 406759,
        "title": "Moonfall",
        "image": "/8QpzqK3nPGxpqpKqhe6QasTGBWQ.jpg",
        "popularity": 627.067,
        "release_date": "2022-02-03",
        "director": "Roland Emmerich",
        "genres": [
            "Science Fiction",
            "Adventure",
            "Action"
        ]
    },
    {
        "themoviedb_movie_id": 566525,
        "title": "Shang-Chi and the Legend of the Ten Rings",
        "image": "/zxWAv1A34kdYslBi4ekMDtgIGUt.jpg",
        "popularity": 443.208,
        "release_date": "2021-09-01",
        "director": "Destin Daniel Cretton",
        "genres": [
            "Action",
            "Adventure",
            "Fantasy"
        ]
    },
    {
        "themoviedb_movie_id": 438631,
        "title": "Dune",
        "image": "/jYEW5xZkZk2WTrdbMGAPFuBqbDc.jpg",
        "popularity": 205.396,
        "release_date": "2021-09-15",
        "director": "Denis Villeneuve",
        "genres": [
            "Science Fiction",
            "Adventure"
        ]
    },
    {
        "themoviedb_movie_id": 329,
        "title": "Jurassic Park",
        "image": "/alqZDg4DXBpNCVTzRPXe5zkkAXX.jpg",
        "popularity": 115.252,
        "release_date": "1993-06-11",
        "director": "Steven Spielberg",
        "genres": [
            "Adventure",
            "Science Fiction"
        ]
    },
    {
        "themoviedb_movie_id": 705861,
        "title": "Hustle",
        "image": "/hGr0FrLI74vqpBWTBOPloDBwOAK.jpg",
        "popularity": 746.928,
        "release_date": "2022-06-03",
        "director": "Jeremiah Zagar",
        "genres": [
            "Drama",
            "Comedy"
        ]
    },
    {
        "themoviedb_movie_id": 508947,
        "title": "Turning Red",
        "image": "/fOy2Jurz9k6RnJnMUMRDAgBwru2.jpg",
        "popularity": 1265.226,
        "release_date": "2022-03-10",
        "director": "Domee Shi",
        "genres": [
            "Animation",
            "Family",
            "Comedy"
        ]
    },
    {
        "themoviedb_movie_id": 370172,
        "title": "No Time to Die",
        "image": "/r2GAjd4rNOHJh6i6Y0FntmYuPQW.jpg",
        "popularity": 214.645,
        "release_date": "2021-09-29",
        "director": "Cary Joji Fukunaga",
        "genres": [
            "Adventure",
            "Action",
            "Thriller"
        ]
    },
    {
        "themoviedb_movie_id": 10195,
        "title": "Thor",
        "image": "/n5zyJxk4q2dh4ep95MnvKC1y0VC.jpg",
        "popularity": 685.301,
        "release_date": "2011-04-21",
        "director": "Kenneth Branagh",
        "genres": [
            "Adventure",
            "Fantasy",
            "Action"
        ]
    },
    {
        "themoviedb_movie_id": 135397,
        "title": "Jurassic World",
        "image": "/yOCRqvrRrxbs5FYq2pX1KtLJwmR.jpg",
        "popularity": 356.076,
        "release_date": "2015-06-06",
        "director": "Colin Trevorrow",
        "genres": [
            "Action",
            "Adventure",
            "Science Fiction"
        ]
    },
    {
        "themoviedb_movie_id": 916719,
        "title": "Code title Banshee",
        "image": "/ttkibtcAjoilW1PbTIFy9U9YOdB.jpg",
        "popularity": 50.733,
        "release_date": "2022-07-01",
        "director": "Jon Keeyes",
        "genres": [
            "Thriller",
            "Action"
        ]
    },
    {
        "themoviedb_movie_id": 809140,
        "title": "Father Stu",
        "image": "/rmhMB6KBxdSYatfiFoas60uF6Fc.jpg",
        "popularity": 465.073,
        "release_date": "2022-04-13",
        "director": "Rosalind Ross",
        "genres": [
            "Drama"
        ]
    },
    {
        "themoviedb_movie_id": 743563,
        "title": "விக்ரம்",
        "image": "/1GGc5XXaFgNBoJnOEBJCnXSMwhx.jpg",
        "popularity": 21.235,
        "release_date": "2022-06-02",
        "director": "Lokesh Kanagaraj",
        "genres": [
            "Action",
            "Thriller"
        ]
    },
    {
        "themoviedb_movie_id": 698128,
        "title": "Dual",
        "image": "/5ps2H3srzXZgmpI0yPv2xH6gc2W.jpg",
        "popularity": 289.558,
        "release_date": "2022-03-18",
        "director": "Riley Stearns",
        "genres": [
            "Science Fiction",
            "Comedy",
            "Thriller"
        ]
    },
    {
        "themoviedb_movie_id": 568124,
        "title": "Encanto",
        "image": "/3G1Q5xF40HkUBJXxt2DQgQzKTp5.jpg",
        "popularity": 878.406,
        "release_date": "2021-11-24",
        "director": "Byron Howard",
        "genres": [
            "Animation",
            "Comedy",
            "Family"
        ]
    },
    {
        "themoviedb_movie_id": 120,
        "title": "The Lord of the Rings: The Fellowship of the Ring",
        "image": "/tdmlSbLl84hfHx635AqHLB8Qh8M.jpg",
        "popularity": 128.38,
        "release_date": "2001-12-18",
        "director": "Peter Jackson",
        "genres": [
            "Adventure",
            "Fantasy",
            "Action"
        ]
    },
    {
        "themoviedb_movie_id": 11,
        "title": "Star Wars",
        "image": "/jBFxXKCrViA88hhO59fDx0Av4P.jpg",
        "popularity": 84.281,
        "release_date": "1977-05-25",
        "director": "George Lucas",
        "genres": [
            "Adventure",
            "Action",
            "Science Fiction"
        ]
    },
    {
        "themoviedb_movie_id": 460458,
        "title": "Resident Evil: Welcome to Raccoon City",
        "image": "/o76ZDm8PS9791XiuieNB93UZcRV.jpg",
        "popularity": 590.589,
        "release_date": "2021-11-24",
        "director": "Johannes Roberts",
        "genres": [
            "Horror",
            "Action",
            "Science Fiction"
        ]
    },
    {
        "themoviedb_movie_id": 1726,
        "title": "Iron Man",
        "image": "/s6cQgJSkviamXAXBggT2xmj7JiG.jpg",
        "popularity": 111.254,
        "release_date": "2008-04-30",
        "director": "Jon Favreau",
        "genres": [
            "Action",
            "Science Fiction",
            "Adventure"
        ]
    },
    {
        "themoviedb_movie_id": 351286,
        "title": "Jurassic World: Fallen Kingdom",
        "image": "/3s9O5af2xWKWR5JzP2iJZpZeQQg.jpg",
        "popularity": 324.448,
        "release_date": "2018-06-06",
        "director": "J. A. Bayona",
        "genres": [
            "Action",
            "Adventure",
            "Science Fiction"
        ]
    },
    {
        "themoviedb_movie_id": 497698,
        "title": "Black Widow",
        "image": "/keIxh0wPr2Ymj0Btjh4gW7JJ89e.jpg",
        "popularity": 269.197,
        "release_date": "2021-07-07",
        "director": "Cate Shortland",
        "genres": [
            "Action",
            "Adventure",
            "Science Fiction"
        ]
    },
    {
        "themoviedb_movie_id": 76338,
        "title": "Thor: The Dark World",
        "image": "/uhYoytlNaq46dG81wLmHqaSuzWu.jpg",
        "popularity": 454.93,
        "release_date": "2013-10-30",
        "director": "Alan Taylor",
        "genres": [
            "Action",
            "Adventure",
            "Fantasy"
        ]
    },
    {
        "themoviedb_movie_id": 610150,
        "title": "ドラゴンボール超：スーパーヒーロー",
        "image": "/uR0FopHrAjDlG5q6PZB07a1JOva.jpg",
        "popularity": 1350.622,
        "release_date": "2022-06-11",
        "director": "Tetsuro Kodama",
        "genres": [
            "Animation",
            "Science Fiction",
            "Action"
        ]
    },
    {
        "themoviedb_movie_id": 238,
        "title": "The Godfather",
        "image": "/rSPw7tgCH9c6NqICZef4kZjFOQ5.jpg",
        "popularity": 76.122,
        "release_date": "1972-03-14",
        "director": "Francis Ford Coppola",
        "genres": [
            "Drama",
            "Crime"
        ]
    },
    {
        "themoviedb_movie_id": 438695,
        "title": "Sing 2",
        "image": "/6mJrgL7Mi13XjJeGYJFlD6UEVQw.jpg",
        "popularity": 573.967,
        "release_date": "2021-12-01",
        "director": "Garth Jennings",
        "genres": [
            "Animation",
            "Comedy",
            "Family"
        ]
    },
    {
        "themoviedb_movie_id": 746419,
        "title": "Father of the Bride",
        "image": "/oQMqMLIJXZAVMplga9RhDyZInAW.jpg",
        "popularity": 167.447,
        "release_date": "2022-06-05",
        "director": "Gary Alazraki",
        "genres": [
            "Romance",
            "Comedy"
        ]
    },
    {
        "themoviedb_movie_id": 705996,
        "title": "헤어질 결심",
        "image": "/uODT1JAYZaEf43m4Vtt0w56Yl27.jpg",
        "popularity": 31.812,
        "release_date": "2022-06-29",
        "director": "Park Chan-wook",
        "genres": [
            "Crime",
            "Drama",
            "Romance"
        ]
    },
    {
        "themoviedb_movie_id": 624860,
        "title": "The Matrix Resurrections",
        "image": "/eNI7PtK6DEYgZmHWP9gQNuff8pv.jpg",
        "popularity": 325.208,
        "release_date": "2021-12-16",
        "director": "Lana Wachowski",
        "genres": [
            "Science Fiction",
            "Action",
            "Adventure"
        ]
    },
    {
        "themoviedb_movie_id": 24428,
        "title": "The Avengers",
        "image": "/nNmJRkg8wWnRmzQDe2FwKbPIsJV.jpg",
        "popularity": 253.921,
        "release_date": "2012-04-25",
        "director": "Joss Whedon",
        "genres": [
            "Science Fiction",
            "Action",
            "Adventure"
        ]
    },
    {
        "themoviedb_movie_id": 807356,
        "title": "Watcher",
        "image": "/tNsT0gtiYOb9qx0xFqvQwKqVvHq.jpg",
        "popularity": 27.229,
        "release_date": "2022-06-03",
        "director": "Chloe Okuno",
        "genres": [
            "Thriller",
            "Horror"
        ]
    },
    {
        "themoviedb_movie_id": 315635,
        "title": "Spider-Man: Homecoming",
        "image": "/tTlAA0REGPXSZPBfWyTW9ipIv1I.jpg",
        "popularity": 160.96,
        "release_date": "2017-07-05",
        "director": "Jon Watts",
        "genres": [
            "Action",
            "Adventure",
            "Science Fiction"
        ]
    },
    {
        "themoviedb_movie_id": 429617,
        "title": "Spider-Man: Far From Home",
        "image": "/ng6SSB3JhbcpKTwbPDsRwUYK8Cq.jpg",
        "popularity": 175.068,
        "release_date": "2019-06-28",
        "director": "Jon Watts",
        "genres": [
            "Action",
            "Adventure",
            "Science Fiction"
        ]
    },
    {
        "themoviedb_movie_id": 157336,
        "title": "Interstellar",
        "image": "/pbrkL804c8yAv3zBZR4QPEafpAR.jpg",
        "popularity": 189.43,
        "release_date": "2014-11-05",
        "director": "Christopher Nolan",
        "genres": [
            "Adventure",
            "Drama",
            "Science Fiction"
        ]
    },
    {
        "themoviedb_movie_id": 829557,
        "title": "365 Days: This Day",
        "image": "/t9hNIUFcy0tYu55IPxjxRTTdZ6X.jpg",
        "popularity": 454.448,
        "release_date": "2022-04-27",
        "director": "Barbara Bialowas",
        "genres": [
            "Romance",
            "Drama"
        ]
    },
    {
        "themoviedb_movie_id": 921353,
        "title": "Wrong Place",
        "image": "/zSre0UHWLSnDoNrM9F2Go9OXq5G.jpg",
        "popularity": 60.785,
        "release_date": "2022-07-15",
        "director": "Mike Burns",
        "genres": [
            "Action",
            "Crime",
            "Thriller"
        ]
    },
    {
        "themoviedb_movie_id": 961484,
        "title": "Last Seen Alive",
        "image": "/riyxG4iMQID7GovFPEGI3czQMYz.jpg",
        "popularity": 740.66,
        "release_date": "2022-05-19",
        "director": "Brian Goodman",
        "genres": [
            "Action",
            "Thriller"
        ]
    },
    {
        "themoviedb_movie_id": 884315,
        "title": "Terror on the Prairie",
        "image": "/8Z8dVGTn3OhX1AR49tgvh89i79G.jpg",
        "popularity": 23.131,
        "release_date": "2022-06-14",
        "director": "Michael Polish",
        "genres": [
            "Western",
            "Action",
            "Thriller"
        ]
    },
    {
        "themoviedb_movie_id": 211672,
        "title": "Minions",
        "image": "/c7xTZ9EA6GpH72xJC5s0x0KKR1a.jpg",
        "popularity": 269.811,
        "release_date": "2015-06-17",
        "director": "Kyle Balda",
        "genres": [
            "Family",
            "Animation",
            "Adventure"
        ]
    },
    {
        "themoviedb_movie_id": 19995,
        "title": "Avatar",
        "image": "/jlQJDD0L5ZojjlS0KYnApdO0n19.jpg",
        "popularity": 334.792,
        "release_date": "2009-12-10",
        "director": "James Cameron",
        "genres": [
            "Action",
            "Adventure",
            "Fantasy"
        ]
    },
    {
        "themoviedb_movie_id": 580489,
        "title": "Venom: Let There Be Carnage",
        "image": "/lNyLSOKMMeUPr1RsL4KcRuIXwHt.jpg",
        "popularity": 558.177,
        "release_date": "2021-09-30",
        "director": "Andy Serkis",
        "genres": [
            "Science Fiction",
            "Action",
            "Adventure"
        ]
    },
    {
        "themoviedb_movie_id": 420821,
        "title": "Chip 'n Dale: Rescue Rangers",
        "image": "/qK7Ssnrfvrt65F66A1thvehfQg2.jpg",
        "popularity": 463.309,
        "release_date": "2022-05-18",
        "director": "Akiva Schaffer",
        "genres": [
            "Animation",
            "Family",
            "Comedy"
        ]
    },
    {
        "themoviedb_movie_id": 1771,
        "title": "Captain America: The First Avenger",
        "image": "/yFuKvT4Vm3sKHdFY4eG6I4ldAnn.jpg",
        "popularity": 96.323,
        "release_date": "2011-07-22",
        "director": "Joe Johnston",
        "genres": [
            "Action",
            "Adventure",
            "Science Fiction"
        ]
    },
    {
        "themoviedb_movie_id": 99861,
        "title": "Avengers: Age of Ultron",
        "image": "/xnqust9Li4oxfhXD5kcPi3UC8i4.jpg",
        "popularity": 209.9,
        "release_date": "2015-04-22",
        "director": "Joss Whedon",
        "genres": [
            "Action",
            "Adventure",
            "Science Fiction"
        ]
    },
    {
        "themoviedb_movie_id": 758330,
        "title": "Good Luck to You, Leo Grande",
        "image": "/fILWktCfh0ZiKWjWwyXalWzSvKX.jpg",
        "popularity": 50.106,
        "release_date": "2022-06-17",
        "director": "Sophie Hyde",
        "genres": [
            "Drama",
            "Comedy",
            "Romance"
        ]
    },
    {
        "themoviedb_movie_id": 299537,
        "title": "Captain Marvel",
        "image": "/w2PMyoyLU22YvrGK3smVM9fW1jj.jpg",
        "popularity": 106.529,
        "release_date": "2019-03-06",
        "director": "Ryan Fleck",
        "genres": [
            "Action",
            "Adventure",
            "Science Fiction"
        ]
    },
    {
        "themoviedb_movie_id": 664413,
        "title": "365 dni",
        "image": "/isBjNHBblzxrzHrAtRbjgkYzAut.jpg",
        "popularity": 55.828,
        "release_date": "2020-02-07",
        "director": "Barbara Bialowas",
        "genres": [
            "Romance",
            "Drama"
        ]
    },
    {
        "themoviedb_movie_id": 831946,
        "title": "Interceptor",
        "image": "/i2tcQ9nDJpdJELPA82eCd7Irasd.jpg",
        "popularity": 614.558,
        "release_date": "2022-05-26",
        "director": "Matthew Reilly",
        "genres": [
            "Action",
            "Thriller",
            "Adventure"
        ]
    },
    {
        "themoviedb_movie_id": 661231,
        "title": "Operation Mincemeat",
        "image": "/jCSpD2Sj67qOVnOu4b3JsXl8NO4.jpg",
        "popularity": 52.862,
        "release_date": "2022-04-01",
        "director": "John Madden",
        "genres": [
            "War",
            "History",
            "Drama"
        ]
    },
    {
        "themoviedb_movie_id": 814340,
        "title": "Cha Cha Real Smooth",
        "image": "/1LMGpNSUekWg3XCPweN33knQPW9.jpg",
        "popularity": 163.764,
        "release_date": "2022-06-17",
        "director": "Cooper Raiff",
        "genres": [
            "Comedy",
            "Drama",
            "Romance"
        ]
    },
    {
        "themoviedb_movie_id": 385128,
        "title": "F9",
        "image": "/fWjcUTKOKsAPK4VUAzEQW4kN4K6.jpg",
        "popularity": 240.444,
        "release_date": "2021-05-19",
        "director": "Justin Lin",
        "genres": [
            "Action",
            "Crime",
            "Thriller"
        ]
    },
    {
        "themoviedb_movie_id": 425909,
        "title": "Ghostbusters: Afterlife",
        "image": "/zplzc6jxO3SK7Pa4yxVoRY5VflT.jpg",
        "popularity": 362.516,
        "release_date": "2021-11-11",
        "director": "Jason Reitman",
        "genres": [
            "Fantasy",
            "Comedy",
            "Adventure"
        ]
    },
    {
        "themoviedb_movie_id": 271110,
        "title": "Captain America: Civil War",
        "image": "/7FWlcZq3r6525LWOcvO9kNWurN1.jpg",
        "popularity": 141.883,
        "release_date": "2016-04-27",
        "director": "Anthony Russo",
        "genres": [
            "Adventure",
            "Action",
            "Science Fiction"
        ]
    },
    {
        "themoviedb_movie_id": 843847,
        "title": "Jerry & Marge Go Large",
        "image": "/4OjoH07cxYQbnGiJzJxto0NUejH.jpg",
        "popularity": 335.237,
        "release_date": "2022-06-15",
        "director": "David Frankel",
        "genres": [
            "Comedy",
            "Drama"
        ]
    },
    {
        "themoviedb_movie_id": 557,
        "title": "Spider-Man",
        "image": "/sWvxBXNtCOaGdtpKNLiOqmwb10N.jpg",
        "popularity": 114.828,
        "release_date": "2002-05-01",
        "director": "Sam Raimi",
        "genres": [
            "Fantasy",
            "Action"
        ]
    },
    {
        "themoviedb_movie_id": 597,
        "title": "Titanic",
        "image": "/yDI6D5ZQh67YU4r2ms8qcSbAviZ.jpg",
        "popularity": 145.328,
        "release_date": "1997-11-18",
        "director": "James Cameron",
        "genres": [
            "Drama",
            "Romance"
        ]
    },
    {
        "themoviedb_movie_id": 137113,
        "title": "Edge of Tomorrow",
        "image": "/b4ZjgjOvbIJ6oJoiCJpnYNT50s2.jpg",
        "popularity": 63.382,
        "release_date": "2014-05-27",
        "director": "Doug Liman",
        "genres": [
            "Action",
            "Science Fiction"
        ]
    },
    {
        "themoviedb_movie_id": 968572,
        "title": "Für JoJo",
        "image": "/30QbBWReegQoWYmq0Gzg0lTjiP6.jpg",
        "popularity": 34.637,
        "release_date": "2022-07-11",
        "director": "Barbara Ott",
        "genres": [
            "Comedy"
        ]
    },
    {
        "themoviedb_movie_id": 532710,
        "title": "Firestarter",
        "image": "/bIFrsAcqkLUUxaaiqqpFexYPeCh.jpg",
        "popularity": 40.089,
        "release_date": "2022-05-12",
        "director": "Keith Thomas",
        "genres": [
            "Thriller",
            "Science Fiction"
        ]
    },
    {
        "themoviedb_movie_id": 821119,
        "title": "जादूगर",
        "image": "/3AxQq0P8Bg0Ocw5ePcXAREpaaio.jpg",
        "popularity": 67.037,
        "release_date": "2022-07-15",
        "director": "Sameer Saxena",
        "genres": [
            "Comedy",
            "Drama",
            "Romance"
        ]
    },
    {
        "themoviedb_movie_id": 579974,
        "title": "రౌద్రం రణం రుధిరం",
        "image": "/i0Y0wP8H6SRgjr6QmuwbtQbS24D.jpg",
        "popularity": 40.601,
        "release_date": "2022-03-24",
        "director": "S. S. Rajamouli",
        "genres": [
            "Action",
            "Drama"
        ]
    },
    {
        "themoviedb_movie_id": 589754,
        "title": "Последний богатырь: Корень зла",
        "image": "/dIibeeq4QMay5bTJ2vjr72IFFRo.jpg",
        "popularity": 294.006,
        "release_date": "2021-01-01",
        "director": "Dmitriy Dyachenko",
        "genres": [
            "Fantasy",
            "Adventure",
            "Comedy"
        ]
    },
    {
        "themoviedb_movie_id": 505026,
        "title": "Death on the Nile",
        "image": "/lRbDyjI7HEaXxflFQbYpqHRGFBJ.jpg",
        "popularity": 107.816,
        "release_date": "2022-02-09",
        "director": "Kenneth Branagh",
        "genres": [
            "Crime",
            "Drama",
            "Mystery"
        ]
    },
    {
        "themoviedb_movie_id": 1724,
        "title": "The Incredible Hulk",
        "image": "/jPu8yiadqgzwFPGKJmGo637ASVP.jpg",
        "popularity": 64.654,
        "release_date": "2008-06-12",
        "director": "Louis Leterrier",
        "genres": [
            "Science Fiction",
            "Action",
            "Adventure"
        ]
    },
    {
        "themoviedb_movie_id": 283995,
        "title": "Guardians of the Galaxy Vol. 2",
        "image": "/xpFIaHL7Rm5kKLcEPDEMpjh4Xq6.jpg",
        "popularity": 120.045,
        "release_date": "2017-04-19",
        "director": "James Gunn",
        "genres": [
            "Adventure",
            "Action",
            "Science Fiction"
        ]
    },
    {
        "themoviedb_movie_id": 284054,
        "title": "Black Panther",
        "image": "/6ELJEzQJ3Y45HczvreC3dg0GV5R.jpg",
        "popularity": 98.729,
        "release_date": "2018-02-13",
        "director": "Ryan Coogler",
        "genres": [
            "Action",
            "Adventure",
            "Science Fiction"
        ]
    },
    {
        "themoviedb_movie_id": 118340,
        "title": "Guardians of the Galaxy",
        "image": "/2UFxrUHVuSK3Tth7DvQQlF4mGTd.jpg",
        "popularity": 60.117,
        "release_date": "2014-07-30",
        "director": "James Gunn",
        "genres": [
            "Action",
            "Science Fiction",
            "Adventure"
        ]
    },
    {
        "themoviedb_movie_id": 155,
        "title": "The Dark Knight",
        "image": "/cfT29Im5VDvjE0RpyKOSdCKZal7.jpg",
        "popularity": 76.806,
        "release_date": "2008-07-14",
        "director": "Christopher Nolan",
        "genres": [
            "Drama",
            "Action",
            "Crime"
        ]
    },
    {
        "themoviedb_movie_id": 626735,
        "title": "Dog",
        "image": "/t0mwKhUDa62hdhdKSsN4xMfhY5Z.jpg",
        "popularity": 1529.108,
        "release_date": "2022-02-17",
        "director": "Channing Tatum",
        "genres": [
            "Drama",
            "Comedy"
        ]
    },
    {
        "themoviedb_movie_id": 968438,
        "title": "Love & Gelato",
        "image": "/eUwnVr8Z6kJFBP8NzOU4GORzVtb.jpg",
        "popularity": 131.587,
        "release_date": "2022-06-22",
        "director": "Brandon Camp",
        "genres": [
            "Romance",
            "Comedy",
            "Drama"
        ]
    },
    {
        "themoviedb_movie_id": 795813,
        "title": "Ich bin dein Mensch",
        "image": "/6czAKr8g6wNNGZqSCpWM2YXa332.jpg",
        "popularity": 27.249,
        "release_date": "2021-07-01",
        "director": "Maria Schrader",
        "genres": [
            "Science Fiction",
            "Comedy",
            "Romance"
        ]
    },
    {
        "themoviedb_movie_id": 646385,
        "title": "Scream",
        "image": "/ifUfE79O1raUwbaQRIB7XnFz5ZC.jpg",
        "popularity": 363.078,
        "release_date": "2022-01-12",
        "director": "Matt Bettinelli-Olpin",
        "genres": [
            "Horror",
            "Mystery",
            "Thriller"
        ]
    },
    {
        "themoviedb_movie_id": 10138,
        "title": "Iron Man 2",
        "image": "/7lmBufEG7P7Y1HClYK3gCxYrkgS.jpg",
        "popularity": 145.881,
        "release_date": "2010-04-28",
        "director": "Jon Favreau",
        "genres": [
            "Adventure",
            "Action",
            "Science Fiction"
        ]
    },
    {
        "themoviedb_movie_id": 436969,
        "title": "The Suicide Squad",
        "image": "/jlGmlFOcfo8n5tURmhC7YVd4Iyy.jpg",
        "popularity": 302.091,
        "release_date": "2021-07-28",
        "director": "James Gunn",
        "genres": [
            "Action",
            "Adventure",
            "Fantasy"
        ]
    },
    {
        "themoviedb_movie_id": 475557,
        "title": "Joker",
        "image": "/hO7KbdvGOtDdeg0W4Y5nKEHeDDh.jpg",
        "popularity": 127.146,
        "release_date": "2019-10-01",
        "director": "Todd Phillips",
        "genres": [
            "Crime",
            "Thriller",
            "Drama"
        ]
    },
    {
        "themoviedb_movie_id": 1930,
        "title": "The Amazing Spider-Man",
        "image": "/sLWUtbrpiLp23a0XDSiUiltdFPJ.jpg",
        "popularity": 158.888,
        "release_date": "2012-06-23",
        "director": "Marc Webb",
        "genres": [
            "Action",
            "Adventure",
            "Fantasy"
        ]
    },
    {
        "themoviedb_movie_id": 102899,
        "title": "Ant-Man",
        "image": "/a7sAqMKv5tkAdMzFfIhPqIBmQ9g.jpg",
        "popularity": 80.318,
        "release_date": "2015-07-14",
        "director": "Peyton Reed",
        "genres": [
            "Science Fiction",
            "Action",
            "Adventure"
        ]
    },
    {
        "themoviedb_movie_id": 728366,
        "title": "Borrego",
        "image": "/nGpSo9gDtHOM9lpFCqOD3rjbhd9.jpg",
        "popularity": 10.784,
        "release_date": "2022-01-14",
        "director": "Jesse Harris",
        "genres": [
            "Thriller",
            "Crime"
        ]
    },
    {
        "themoviedb_movie_id": 760104,
        "title": "X",
        "image": "/2oXQpm0wfOkIL0jBJABbL5AfMs6.jpg",
        "popularity": 76.314,
        "release_date": "2022-03-17",
        "director": "Ti West",
        "genres": [
            "Horror",
            "Mystery",
            "Thriller"
        ]
    },
    {
        "themoviedb_movie_id": 537915,
        "title": "After",
        "image": "/997ToEZvF2Obp9zNZbY5ELVnmrW.jpg",
        "popularity": 256.108,
        "release_date": "2019-04-11",
        "director": "Jenny Gage",
        "genres": [
            "Romance",
            "Drama"
        ]
    },
    {
        "themoviedb_movie_id": 539681,
        "title": "DC League of Super-Pets",
        "image": "/p8XnVA7zWZu7ZJsM1Cm9l7S9IH8.jpg",
        "popularity": 108.35,
        "release_date": "2022-07-27",
        "director": "Jared Stern",
        "genres": [
            "Animation",
            "Action",
            "Adventure"
        ]
    },
    {
        "themoviedb_movie_id": 682507,
        "title": "Where the Crawdads Sing",
        "image": "/dpwCWw7eDdX0IQTJw30H1h9JfkS.jpg",
        "popularity": 46.438,
        "release_date": "2022-07-15",
        "director": "Olivia Newman",
        "genres": [
            "Drama",
            "Mystery"
        ]
    },
    {
        "themoviedb_movie_id": 100402,
        "title": "Captain America: The Winter Soldier",
        "image": "/yHB0eNR8rvCpn0VdghEwBsXAC0N.jpg",
        "popularity": 59.526,
        "release_date": "2014-03-20",
        "director": "Anthony Russo",
        "genres": [
            "Action",
            "Adventure",
            "Science Fiction"
        ]
    },
    {
        "themoviedb_movie_id": 746333,
        "title": "Super-héros malgré lui",
        "image": "/rfbpgHbotsnB4sopZDIA3EhPecQ.jpg",
        "popularity": 534.553,
        "release_date": "2022-02-02",
        "director": "Philippe Lacheau",
        "genres": [
            "Comedy",
            "Action"
        ]
    },
    {
        "themoviedb_movie_id": 363088,
        "title": "Ant-Man and the Wasp",
        "image": "/6P3c80EOm7BodndGBUAJHHsHKrp.jpg",
        "popularity": 73.102,
        "release_date": "2018-07-04",
        "director": "Peyton Reed",
        "genres": [
            "Action",
            "Adventure",
            "Science Fiction"
        ]
    },
    {
        "themoviedb_movie_id": 454626,
        "title": "Sonic the Hedgehog",
        "image": "/stmYfCUGd8Iy6kAMBr6AmWqx8Bq.jpg",
        "popularity": 176.031,
        "release_date": "2020-02-12",
        "director": "Jeff Fowler",
        "genres": [
            "Action",
            "Science Fiction",
            "Comedy"
        ]
    },
    {
        "themoviedb_movie_id": 68721,
        "title": "Iron Man 3",
        "image": "/tKa1gmGKAUVYnflYcadipeL3d9h.jpg",
        "popularity": 107.319,
        "release_date": "2013-04-18",
        "director": "Shane Black",
        "genres": [
            "Action",
            "Adventure",
            "Science Fiction"
        ]
    },
    {
        "themoviedb_movie_id": 330,
        "title": "The Lost World: Jurassic Park",
        "image": "/2W1MfDpE3bH1hLAiFAUBWe4nBCP.jpg",
        "popularity": 5.799,
        "release_date": "1997-05-23",
        "director": "Steven Spielberg",
        "genres": [
            "Adventure",
            "Action",
            "Science Fiction"
        ]
    },
    {
        "themoviedb_movie_id": 791373,
        "title": "Zack Snyder's Justice League",
        "image": "/pcDc2WJAYGJTTvRSEIpRZwM3Ola.jpg",
        "popularity": 265.618,
        "release_date": "2021-03-18",
        "director": "Zack Snyder",
        "genres": [
            "Action",
            "Adventure",
            "Fantasy"
        ]
    },
    {
        "themoviedb_movie_id": 913814,
        "title": "Brian and Charles",
        "image": "/8Kbr2lV4XE2zqI564u0xlMLpx8r.jpg",
        "popularity": 28.473,
        "release_date": "2022-06-17",
        "director": "Jim Archer",
        "genres": [
            "Comedy",
            "Science Fiction"
        ]
    },
    {
        "themoviedb_movie_id": 530254,
        "title": "마녀",
        "image": "/rQ7hQ0fXhg6fZAXlRbIvou1QuMX.jpg",
        "popularity": 54.099,
        "release_date": "2018-06-27",
        "director": "Park Hoon-jung",
        "genres": [
            "Action",
            "Mystery",
            "Fantasy"
        ]
    },
    {
        "themoviedb_movie_id": 718930,
        "title": "Bullet Train",
        "image": "/527Kxta1PjtovdFbsBe3vxO6Zfw.jpg",
        "popularity": 79.378,
        "release_date": "2022-08-03",
        "director": "David Leitch",
        "genres": [
            "Action",
            "Thriller",
            "Mystery"
        ]
    },
    {
        "themoviedb_movie_id": 776305,
        "title": "竜とそばかすの姫",
        "image": "/vzJkN2vpIiCXzQ6AgwMmNhRPag2.jpg",
        "popularity": 262.576,
        "release_date": "2021-07-16",
        "director": "Mamoru Hosoda",
        "genres": [
            "Animation",
            "Drama",
            "Science Fiction"
        ]
    },
    {
        "themoviedb_movie_id": 27205,
        "title": "Inception",
        "image": "/ztZ4vw151mw04Bg6rqJLQGBAmvn.jpg",
        "popularity": 113.75,
        "release_date": "2010-07-15",
        "director": "Christopher Nolan",
        "genres": [
            "Action",
            "Science Fiction",
            "Adventure"
        ]
    },
    {
        "themoviedb_movie_id": 278,
        "title": "The Shawshank Redemption",
        "image": "/iNh3BivHyg5sQRPP1KOkzguEX0H.jpg",
        "popularity": 77.514,
        "release_date": "1994-09-23",
        "director": "Frank Darabont",
        "genres": [
            "Drama",
            "Crime"
        ]
    },
    {
        "themoviedb_movie_id": 810693,
        "title": "劇場版 呪術廻戦 0",
        "image": "/t9K8ycUBCplWiICDOKRNRYcEH9e.jpg",
        "popularity": 1780.03,
        "release_date": "2021-12-24",
        "director": "Sunghoo Park",
        "genres": [
            "Animation",
            "Action",
            "Fantasy"
        ]
    },
    {
        "themoviedb_movie_id": 122,
        "title": "The Lord of the Rings: The Return of the King",
        "image": "/lXhgCODAbBXL5buk9yEmTpOoOgR.jpg",
        "popularity": 97.105,
        "release_date": "2003-12-01",
        "director": "Peter Jackson",
        "genres": [
            "Adventure",
            "Fantasy",
            "Action"
        ]
    },
    {
        "themoviedb_movie_id": 576845,
        "title": "Last Night in Soho",
        "image": "/7OcRErUXXdAVAHg6y5cjn56ivtu.jpg",
        "popularity": 119.072,
        "release_date": "2021-10-21",
        "director": "Edgar Wright",
        "genres": [
            "Thriller",
            "Horror",
            "Mystery"
        ]
    },
    {
        "themoviedb_movie_id": 324857,
        "title": "Spider-Man: Into the Spider-Verse",
        "image": "/x2IqsMlpbOhS8zIUJfyl1yO4gHF.jpg",
        "popularity": 114.248,
        "release_date": "2018-12-06",
        "director": "Rodney Rothman",
        "genres": [
            "Action",
            "Adventure",
            "Animation"
        ]
    },
    {
        "themoviedb_movie_id": 990982,
        "title": "Last the Night",
        "image": "/iEi7zXoVUVXYNeVxBzdt68jegqD.jpg",
        "popularity": 8.909,
        "release_date": "2022-07-01",
        "director": "Nick Leisure",
        "genres": [
            "Thriller",
            "Horror"
        ]
    },
    {
        "themoviedb_movie_id": 348,
        "title": "Alien",
        "image": "/cEobq5QrnOJjO6giDs8q4RxmMKh.jpg",
        "popularity": 47.408,
        "release_date": "1979-05-25",
        "director": "Ridley Scott",
        "genres": [
            "Horror",
            "Science Fiction"
        ]
    },
    {
        "themoviedb_movie_id": 696806,
        "title": "The Adam Project",
        "image": "/ewUqXnwiRLhgmGhuksOdLgh49Ch.jpg",
        "popularity": 333.48,
        "release_date": "2022-03-11",
        "director": "Shawn Levy",
        "genres": [
            "Action",
            "Adventure",
            "Comedy"
        ]
    },
    {
        "themoviedb_movie_id": 121,
        "title": "The Lord of the Rings: The Two Towers",
        "image": "/kWYfW2Re0rUDE6IHhy4CRuKWeFr.jpg",
        "popularity": 108.762,
        "release_date": "2002-12-18",
        "director": "Peter Jackson",
        "genres": [
            "Adventure",
            "Fantasy",
            "Action"
        ]
    },
    {
        "themoviedb_movie_id": 603,
        "title": "The Matrix",
        "image": "/y9wuhlrqSHvhTLNVNwKMKe6HZzY.jpg",
        "popularity": 68.229,
        "release_date": "1999-03-30",
        "director": "Lilly Wachowski",
        "genres": [
            "Action",
            "Science Fiction"
        ]
    },
    {
        "themoviedb_movie_id": 12445,
        "title": "Harry Potter and the Deathly Hallows: Part 2",
        "image": "/n5A7brJCjejceZmHyujwUTVgQNC.jpg",
        "popularity": 182.304,
        "release_date": "2011-07-07",
        "director": "David Yates",
        "genres": [
            "Fantasy",
            "Adventure"
        ]
    },
    {
        "themoviedb_movie_id": 22,
        "title": "Pirates of the Caribbean: The Curse of the Black Pearl",
        "image": "/jOh79POQu4hyVIseUxdQxTW7vOf.jpg",
        "popularity": 164.656,
        "release_date": "2003-07-09",
        "director": "Gore Verbinski",
        "genres": [
            "Adventure",
            "Fantasy",
            "Action"
        ]
    },
    {
        "themoviedb_movie_id": 105,
        "title": "Back to the Future",
        "image": "/fq3wyOs1RHyz2yfzsb4sck7aWRG.jpg",
        "popularity": 60.15,
        "release_date": "1985-07-03",
        "director": "Robert Zemeckis",
        "genres": [
            "Adventure",
            "Comedy",
            "Science Fiction"
        ]
    },
    {
        "themoviedb_movie_id": 862,
        "title": "Toy Story",
        "image": "/3Rfvhy1Nl6sSGJwyjb0QiZzZYlB.jpg",
        "popularity": 216.364,
        "release_date": "1995-10-30",
        "director": "John Lasseter",
        "genres": [
            "Animation",
            "Adventure",
            "Family"
        ]
    },
    {
        "themoviedb_movie_id": 293660,
        "title": "Deadpool",
        "image": "/en971MEXui9diirXlogOrPKmsEn.jpg",
        "popularity": 180.001,
        "release_date": "2016-02-09",
        "director": "Tim Miller",
        "genres": [
            "Action",
            "Adventure",
            "Comedy"
        ]
    },
    {
        "themoviedb_movie_id": 102382,
        "title": "The Amazing Spider-Man 2",
        "image": "/mPyiNWS0upEG1mGKOKyCQSoZpnp.jpg",
        "popularity": 139.177,
        "release_date": "2014-04-16",
        "director": "Marc Webb",
        "genres": [
            "Action",
            "Adventure",
            "Fantasy"
        ]
    },
    {
        "themoviedb_movie_id": 974691,
        "title": "South Park the Streaming Wars",
        "image": "/zOZ3Uh76Z2dNrW4qkHYIxxTvPY5.jpg",
        "popularity": 55.117,
        "release_date": "2022-06-01",
        "director": "Trey Parker",
        "genres": [
            "Animation",
            "Comedy"
        ]
    },
    {
        "themoviedb_movie_id": 119892,
        "title": "西遊記之大鬧天宮",
        "image": "/xW6ZbgVox0olPGxhu8Rvycy8y8G.jpg",
        "popularity": 38.585,
        "release_date": "2014-01-09",
        "director": "Soi Cheang",
        "genres": [
            "Action",
            "Adventure",
            "Family"
        ]
    },
    {
        "themoviedb_movie_id": 628900,
        "title": "The Contractor",
        "image": "/figlwUsXXFehX3IebdjqNLV6vWk.jpg",
        "popularity": 631.358,
        "release_date": "2022-03-10",
        "director": "Tarik Saleh",
        "genres": [
            "Action",
            "Thriller"
        ]
    },
    {
        "themoviedb_movie_id": 777831,
        "title": "9 Bullets",
        "image": "/o31kGDH9GbAZjVLwPYno8XvQGV2.jpg",
        "popularity": 1067.748,
        "release_date": "2022-04-14",
        "director": "Gigi Gaston",
        "genres": [
            "Action",
            "Thriller"
        ]
    },
    {
        "themoviedb_movie_id": 852485,
        "title": "She Will",
        "image": "/ceSQcIWWKSwubn4ny8BlWtE5q7u.jpg",
        "popularity": 56.024,
        "release_date": "2022-07-15",
        "director": "Charlotte Colbert",
        "genres": [
            "Thriller",
            "Horror",
            "Drama"
        ]
    },
    {
        "themoviedb_movie_id": 550,
        "title": "Fight Club",
        "image": "/rr7E0NoGKxvbkb89eR1GwfoYjpA.jpg",
        "popularity": 55.171,
        "release_date": "1999-10-15",
        "director": "David Fincher",
        "genres": [
            "Drama"
        ]
    },
    {
        "themoviedb_movie_id": 1576,
        "title": "Resident Evil",
        "image": "/l5KvxFVOru3Qyf3dl2asNw5g1MD.jpg",
        "popularity": 67.676,
        "release_date": "2002-03-15",
        "director": "Paul W. S. Anderson",
        "genres": [
            "Horror",
            "Action",
            "Science Fiction"
        ]
    },
    {
        "themoviedb_movie_id": 259316,
        "title": "Fantastic Beasts and Where to Find Them",
        "image": "/8Qsr8pvDL3s1jNZQ4HK1d1Xlvnh.jpg",
        "popularity": 114.759,
        "release_date": "2016-11-16",
        "director": "David Yates",
        "genres": [
            "Fantasy",
            "Adventure",
            "Action"
        ]
    },
    {
        "themoviedb_movie_id": 476669,
        "title": "The King's Man",
        "image": "/4OTYefcAlaShn6TGVK33UxLW9R7.jpg",
        "popularity": 305.752,
        "release_date": "2021-12-22",
        "director": "Matthew Vaughn",
        "genres": [
            "Action",
            "Adventure",
            "Thriller"
        ]
    },
    {
        "themoviedb_movie_id": 20352,
        "title": "Despicable Me",
        "image": "/euCnMxNRlHNxA4f9BMnWbmxPOse.jpg",
        "popularity": 221.598,
        "release_date": "2010-07-08",
        "director": "Pierre Coffin",
        "genres": [
            "Family",
            "Animation",
            "Comedy"
        ]
    },
    {
        "themoviedb_movie_id": 672,
        "title": "Harry Potter and the Chamber of Secrets",
        "image": "/1stUIsjawROZxjiCMtqqXqgfZWC.jpg",
        "popularity": 222.6,
        "release_date": "2002-11-13",
        "director": "Chris Columbus",
        "genres": [
            "Adventure",
            "Fantasy"
        ]
    },
    {
        "themoviedb_movie_id": 960258,
        "title": "Shark Bait",
        "image": "/jVGHRpSgtE2MQLJhC5q4lXmPNQW.jpg",
        "popularity": 1060.443,
        "release_date": "2022-05-13",
        "director": "James Nunn",
        "genres": [
            "Horror",
            "Thriller",
            "Action"
        ]
    },
    {
        "themoviedb_movie_id": 875104,
        "title": "叶问宗师觉醒",
        "image": "/bTLnotEeJpnS57py0Onh3Bf4Yl0.jpg",
        "popularity": 98.637,
        "release_date": "2022-06-21",
        "director": "Zhang Zhulin",
        "genres": [
            "Action",
            "Drama",
            "Adventure"
        ]
    },
    {
        "themoviedb_movie_id": 979163,
        "title": "Beyond Infinity: Buzz and the Journey to Lightyear",
        "image": "/mBJ995JUssgh2hhm4JxNj8hyVVM.jpg",
        "popularity": 572.52,
        "release_date": "2022-06-10",
        "director": "Tony Kaplan",
        "genres": [
            "Documentary"
        ]
    },
    {
        "themoviedb_movie_id": 297802,
        "title": "Aquaman",
        "image": "/9QusGjxcYvfPD1THg6oW3RLeNn7.jpg",
        "popularity": 67.893,
        "release_date": "2018-07-06",
        "director": "James Wan",
        "genres": [
            "Action",
            "Adventure",
            "Fantasy"
        ]
    },
    {
        "themoviedb_movie_id": 683311,
        "title": "Castle Falls",
        "image": "/ver27ON3Yo5GfvR1VNHO9tTtOdT.jpg",
        "popularity": 24.526,
        "release_date": "2021-12-03",
        "director": "Dolph Lundgren",
        "genres": [
            "Action",
            "Thriller"
        ]
    },
    {
        "themoviedb_movie_id": 823625,
        "title": "Blacklight",
        "image": "/iDeWAGnmloZ5Oz3bocDp4rSbUXd.jpg",
        "popularity": 436.489,
        "release_date": "2022-02-10",
        "director": "Mark Williams",
        "genres": [
            "Action",
            "Thriller"
        ]
    },
    {
        "themoviedb_movie_id": 338952,
        "title": "Fantastic Beasts: The Crimes of Grindelwald",
        "image": "/qrtRKRzoNkf5vemO9tJ2Y4DrHxQ.jpg",
        "popularity": 77.244,
        "release_date": "2018-11-14",
        "director": "David Yates",
        "genres": [
            "Fantasy",
            "Adventure",
            "Action"
        ]
    },
    {
        "themoviedb_movie_id": 76600,
        "title": "Avatar: The Way of Water",
        "image": "/wEQ0Pu2jEyqHKOJRAdAKaeTFCML.jpg",
        "popularity": 173.253,
        "release_date": "2022-12-14",
        "director": "James Cameron",
        "genres": [
            "Science Fiction",
            "Action",
            "Adventure"
        ]
    },
    {
        "themoviedb_movie_id": 558,
        "title": "Spider-Man 2",
        "image": "/6al048Lat3eLVQOuKtc9h6Tu94d.jpg",
        "popularity": 36.687,
        "release_date": "2004-06-25",
        "director": "Sam Raimi",
        "genres": [
            "Action",
            "Adventure",
            "Fantasy"
        ]
    },
    {
        "themoviedb_movie_id": 335983,
        "title": "Venom",
        "image": "/VuukZLgaCrho2Ar8Scl9HtV3yD.jpg",
        "popularity": 117.513,
        "release_date": "2018-09-28",
        "director": "Ruben Fleischer",
        "genres": [
            "Science Fiction",
            "Action"
        ]
    },
    {
        "themoviedb_movie_id": 12444,
        "title": "Harry Potter and the Deathly Hallows: Part 1",
        "image": "/fXRXpzxUApE3OuXhIqsdavQjCVa.jpg",
        "popularity": 171.746,
        "release_date": "2010-10-17",
        "director": "David Yates",
        "genres": [
            "Adventure",
            "Fantasy"
        ]
    },
    {
        "themoviedb_movie_id": 550988,
        "title": "Free Guy",
        "image": "/7py8kUCYaOdFn1TfVS87BDBySOz.jpg",
        "popularity": 373.423,
        "release_date": "2021-08-11",
        "director": "Shawn Levy",
        "genres": [
            "Comedy",
            "Adventure",
            "Science Fiction"
        ]
    },
    {
        "themoviedb_movie_id": 335984,
        "title": "Blade Runner 2049",
        "image": "/ilRyazdMJwN05exqhwK4tMKBYZs.jpg",
        "popularity": 57.658,
        "release_date": "2017-10-04",
        "director": "Denis Villeneuve",
        "genres": [
            "Science Fiction",
            "Drama"
        ]
    },
    {
        "themoviedb_movie_id": 399566,
        "title": "Godzilla vs. Kong",
        "image": "/inJjDhCjfhh3RtrJWBmmDqeuSYC.jpg",
        "popularity": 230.978,
        "release_date": "2021-03-24",
        "director": "Adam Wingard",
        "genres": [
            "Action",
            "Fantasy",
            "Science Fiction"
        ]
    },
    {
        "themoviedb_movie_id": 996052,
        "title": "Death Hunt",
        "image": "/i66AdMQjAMa1h3gSCz7Z8POEOFs.jpg",
        "popularity": 16.263,
        "release_date": "2022-03-10",
        "director": "Neil Mackay",
        "genres": [
            "Action",
            "Thriller"
        ]
    },
    {
        "themoviedb_movie_id": 880313,
        "title": "La ira de Dios",
        "image": "/1uhf2qYd7wBcOsTJ7Li1FcH672D.jpg",
        "popularity": 683.077,
        "release_date": "2022-06-15",
        "director": "Sebastián Schindel",
        "genres": [
            "Thriller",
            "Drama"
        ]
    },
    {
        "themoviedb_movie_id": 716612,
        "title": "Spencer",
        "image": "/mtEVe3Iu6aGVCRTWIYIU1uWAq75.jpg",
        "popularity": 38.242,
        "release_date": "2021-11-04",
        "director": "Pablo Larraín",
        "genres": [
            "Drama"
        ]
    },
    {
        "themoviedb_movie_id": 508943,
        "title": "Luca",
        "image": "/620hnMVLu6RSZW6a5rwO8gqpt0t.jpg",
        "popularity": 331.974,
        "release_date": "2021-06-17",
        "director": "Enrico Casarosa",
        "genres": [
            "Animation",
            "Comedy",
            "Family"
        ]
    },
    {
        "themoviedb_movie_id": 615904,
        "title": "Marry Me",
        "image": "/mJQf866IDnWw7ZkFEM2Oz7QfhW0.jpg",
        "popularity": 136.209,
        "release_date": "2022-02-09",
        "director": "Kat Coiro",
        "genres": [
            "Romance",
            "Comedy",
            "Music"
        ]
    },
    {
        "themoviedb_movie_id": 811631,
        "title": "Infinite Storm",
        "image": "/o0JpLYCadyUCR4KwxN7hrzFE968.jpg",
        "popularity": 19.8,
        "release_date": "2022-03-25",
        "director": "Małgorzata Szumowska",
        "genres": [
            "Drama",
            "Thriller"
        ]
    },
    {
        "themoviedb_movie_id": 216015,
        "title": "Fifty Shades of Grey",
        "image": "/nxnRRlj19nhMzratcB2eSknKZNp.jpg",
        "popularity": 163.348,
        "release_date": "2015-02-11",
        "director": "Sam Taylor-Johnson",
        "genres": [
            "Drama",
            "Romance",
            "Thriller"
        ]
    },
    {
        "themoviedb_movie_id": 209112,
        "title": "Batman v Superman: Dawn of Justice",
        "image": "/doiUtOHzcxXFl0GVQ2n8Ay6Pirx.jpg",
        "popularity": 91.812,
        "release_date": "2016-03-23",
        "director": "Zack Snyder",
        "genres": [
            "Action",
            "Adventure",
            "Fantasy"
        ]
    },
    {
        "themoviedb_movie_id": 559,
        "title": "Spider-Man 3",
        "image": "/6MQmtWk4cFwSDyNvIgoJRBIHUT3.jpg",
        "popularity": 103.562,
        "release_date": "2007-05-01",
        "director": "Sam Raimi",
        "genres": [
            "Fantasy",
            "Action",
            "Adventure"
        ]
    },
    {
        "themoviedb_movie_id": 280,
        "title": "Terminator 2: Judgment Day",
        "image": "/xKb6mtdfI5Qsggc44Hr9CCUDvaj.jpg",
        "popularity": 67.578,
        "release_date": "1991-07-03",
        "director": "James Cameron",
        "genres": [
            "Action",
            "Thriller",
            "Science Fiction"
        ]
    },
    {
        "themoviedb_movie_id": 272,
        "title": "Batman Begins",
        "image": "/hQrHN6WXERVw6XUMpfCgLfvrh5V.jpg",
        "popularity": 51.411,
        "release_date": "2005-06-10",
        "director": "Christopher Nolan",
        "genres": [
            "Action",
            "Crime",
            "Drama"
        ]
    },
    {
        "themoviedb_movie_id": 1865,
        "title": "Pirates of the Caribbean: On Stranger Tides",
        "image": "/uzIGtyS6bbnJzGsPL93WCF1FWm8.jpg",
        "popularity": 218.906,
        "release_date": "2011-05-14",
        "director": "Rob Marshall",
        "genres": [
            "Adventure",
            "Action",
            "Fantasy"
        ]
    },
    {
        "themoviedb_movie_id": 674,
        "title": "Harry Potter and the Goblet of Fire",
        "image": "/5rrGVmRUuCKVbqUu41XIWTXJmNA.jpg",
        "popularity": 185.775,
        "release_date": "2005-11-16",
        "director": "Mike Newell",
        "genres": [
            "Adventure",
            "Fantasy",
            "Family"
        ]
    },
    {
        "themoviedb_movie_id": 384018,
        "title": "Fast & Furious Presents: Hobbs & Shaw",
        "image": "/hpgda6P9GutvdkDX5MUJ92QG9aj.jpg",
        "popularity": 94.492,
        "release_date": "2019-08-01",
        "director": "David Leitch",
        "genres": [
            "Action",
            "Adventure",
            "Comedy"
        ]
    },
    {
        "themoviedb_movie_id": 354912,
        "title": "Coco",
        "image": "/askg3SMvhqEl4OL52YuvdtY40Yb.jpg",
        "popularity": 213.221,
        "release_date": "2017-10-27",
        "director": "Lee Unkrich",
        "genres": [
            "Family",
            "Animation",
            "Fantasy"
        ]
    },
    {
        "themoviedb_movie_id": 644495,
        "title": "House of Gucci",
        "image": "/jdLsmpqmP1wTdFUPtmxMnYgoifT.jpg",
        "popularity": 98.487,
        "release_date": "2021-11-24",
        "director": "Ridley Scott",
        "genres": [
            "Drama",
            "Crime",
            "History"
        ]
    },
    {
        "themoviedb_movie_id": 585083,
        "title": "Hotel Transylvania: Transformania",
        "image": "/qBLEWvJNVsehJkEJqIigPsWyBse.jpg",
        "popularity": 709.095,
        "release_date": "2022-02-25",
        "director": "Derek Drymon",
        "genres": [
            "Animation",
            "Family",
            "Fantasy"
        ]
    }
]